File Name,Hash,File Size,Entropy,Ransomware
ai-engine malware detection.drawio,759d151e3f1657c4f08cd25ce631fcbe,1979,6.089768194805116,0
Machine-Learning-and-Cybersecurity.pdf,5a6540850c17f8f52f8342fadb6dd1c6,2474825,7.64261641643239,0
Edsby public school.pdf,ef19c4ac6bc209bd0b5566b38245526c,303650,7.774175598334758,0
Applied Research Presentation .pptx,0966db4bc86d92d2b88d983042f50824,827375,7.886172381482443,0
