File Name,Hash,File Size,Entropy,Ransomware
0002-jpg-fromweb.jpg.c924ca,8ddac541928fb408262041c5b2583cea,91619,7.912127948683395,
0003-jpg-fromweb.jpg.c924ca,5e409d54c1ac0200785d2ee82e189895,83872,7.804235517554335,
0004-jpg-fromweb.jpg.c924ca,288c6a85ccb37c08981ac2f11990d1f0,74943,7.8799375338253155,
